% Model,ViolinNoStudies.mph
% Version,COMSOL 6.3.0.420
% Date,"Jan 18 2026, 15:53"
% Table,Probe Table 1 - Mobility (in dB) - 
% freq (Hz),"Velocity, Z-component (m/s), Boundary Probe 1"
100,-0.006482941145822698i
105,-0.007476708869603854i
110,-0.008449950264809764i
115,-0.00940678530806235i
120,-0.010350760347134376i
125,-0.01128497158359841i
130,-0.012212161091671118i
135,-0.013134792631581448i
140,-0.014055112470970132i
145,-0.014975199015439571i
150,-0.015897004069169596i
155,-0.016822387856385564i
160,-0.017753149448160893i
165,-0.018691053895486344i
170,-0.019637857128319544i
175,-0.02059532951914418i
180,-0.021565278907342507i
185,-0.022549573829522954i
190,-0.02355016769370207i
195,-0.02456912467236256i
200,-0.02560864817436146i
205,-0.02667111289295466i
210,-0.027759101635109296i
215,-0.028875448437423224i
220,-0.030023289891190685i
225,-0.03120612720256191i
230,-0.03242790236317793i
235,-0.033693093038836296i
240,-0.0350068325961841i
245,-0.03637506439991807i
250,-0.03780474367448123i
255,-0.0393041067942543i
260,-0.0408830385562713i
265,-0.042553586092644i
270,-0.04433070025439138i
275,-0.04623334645291456i
280,-0.048286255825913164i
285,-0.05052291533064104i
290,-0.0529916321977535i
295,-0.055778190786797126i
300,-0.058676799833999704i
305,-0.06253908494656886i
310,-0.0671567724292847i
315,-0.07337392311529131i
320,-0.08329186757146326i
325,-0.10723067439669812i
330,7.25417158246772i
335,-0.03476418605964978i
340,-0.06024549091031295i
345,-0.07344218748392926i
350,-0.08482083686703136i
355,-0.09715764334857951i
360,-0.1125422108289488i
365,-0.1342745805511117i
370,-0.1704451213739197i
375,-0.2527129149373642i
380,-0.8558991246334536i
385,0.15874267102332296i
390,-0.05369995541690577i
395,-0.2257264443208001i
400,-3.9405942277512027i
405,0.3013598598461928i
410,0.13601317868340873i
415,0.07949021343652617i
420,0.049522248031903214i
425,0.030279340378704344i
430,0.016477675759506136i
435,0.005819706121655634i
440,-0.0028680450833475524i
445,-0.010255126882947021i
450,-0.01675678089353023i
455,-0.022648686427443603i
460,-0.028125271396009704i
465,-0.033331863514752993i
470,-0.038383761592693064i
475,-0.0433784239995351i
480,-0.04840396923607151i
485,-0.05354579825783185i
490,-0.058892507202033435i
495,-0.06454201000643449i
500,-0.07060880249215103i
505,-0.07723356443369624i
510,-0.08459691501208816i
515,-0.09294037940386456i
520,-0.10260010746912535i
525,-0.11406404973367558i
530,-0.12807471663869938i
535,-0.14582699451610456i
540,-0.16938291790452414i
545,-0.2026438325321293i
550,-0.25400712576155193i
555,-0.345498229729515i
560,-0.5593975177087106i
565,-1.691628459647333i
570,1.3676934589081848i
575,0.4428275837108804i
580,0.2556281215885658i
585,0.16643681686867332i
590,0.11580526360040103i
595,0.08235006791062881i
600,0.05802213434023812i
605,0.039044328008902035i
610,0.023381221696664414i
615,0.009807114115014705i
620,-0.0025077241084716455i
625,-0.014237447760879186i
630,-0.026204500516489943i
635,-0.04108716652437278i
640,-0.009437758952197456i
645,-0.05114826611845811i
650,-0.06666179839083043i
655,-0.08259777889690315i
660,-0.1011012034913459i
665,-0.12414169060765338i
670,-0.154924399356588i
675,-0.19988678726410675i
680,-0.2747548368114134i
685,-0.43153834172600813i
690,-1.0090580589852243i
695,2.5664594889428103i
700,0.5283476350368527i
705,0.27575287614784927i
710,0.1726117773163314i
715,0.11303359024084027i
720,0.07092563998221124i
725,0.036095978781696486i
730,0.0027326250454893313i
735,-0.03449859334455092i
740,-0.08388849335975967i
745,-0.16569286748969245i
750,-0.3613127089237697i
755,-1.9489598625721565i
760,0.7991864272403186i
765,0.3639032458226118i
770,0.24455583369415046i
775,0.18733458877480874i
780,0.15302837798277288i
785,0.12976550039649706i
790,0.11270830471135729i
795,0.09950758846028268i
800,0.08887969146517867i
805,0.08005158887536687i
810,0.07258929450320185i
815,0.066101425536194i
820,0.06039706915218667i
825,0.05531164316385703i
830,0.05072480951819719i
835,0.046545150681044895i
840,0.042701430855486035i
845,0.039136827691092946i
850,0.035804933319553096i
855,0.03266685477593521i
860,0.02968898843940945i
865,0.026841163497707706i
870,0.024094889192267037i
875,0.021421400675288804i
880,0.018789033637338984i
885,0.016159023859536853i
890,0.013477691501875349i
895,0.010659700589514777i
900,0.007546100972017959i
905,0.003774403736175321i
910,-0.0017870760540777094i
915,-0.016212750793252306i
920,0.04862323020946672i
925,0.002319957681593927i
930,0.12696237558418433i
935,0.013963141802287977i
940,0.0062118433106636995i
945,0.0019052995232344907i
950,-0.0014317603993463204i
955,-0.004391287027317421i
960,-0.00721253862738189i
965,-0.010033666064712145i
970,-0.012966963135136038i
975,-0.01613874434032416i
980,-0.01973439612054666i
985,-0.024090881536025805i
990,-0.029965768433548236i
995,-0.03963456043206105i
1000,-0.0651110029672634i
1005,0.4963255277054154i
1010,0.01063091730878546i
1015,-0.010846445338911348i
1020,-0.02099598273967343i
1025,-0.02862045391988016i
1030,-0.03578001160517728i
1035,-0.04345265998001616i
1040,-0.05249561528067997i
1045,-0.06410427583120046i
1050,-0.0804961375309988i
1055,-0.10682211777693593i
1060,-0.15908689079876986i
1065,-0.32643468553545396i
1070,2.0929266166225653i
1075,0.21707858449003367i
1080,0.10177388338786321i
1085,0.0578716134614623i
1090,0.032860266788274806i
1095,0.014766444924963434i
1100,-0.0014036260181383015i
1105,-0.019918876797116073i
1110,-0.050383079401994046i
1115,-0.1586981336835918i
1120,0.2649242674462496i
1125,0.07076994012514146i
1130,0.03525053499817763i
1135,0.01744483466329636i
1140,0.004331966297904743i
1145,-0.00874713204380921i
1150,-0.028791489983823977i
1155,10.135049729515117i
1160,-0.05009878259873095i
1165,0.6467923280132392i
1170,0.062322544303144295i
1175,0.029922875921700485i
1180,0.01626551878737898i
1185,0.007784669785431363i
1190,0.001433765637687848i
1195,-0.003911800977867769i
1200,-0.008821741094250525i
1205,-0.013696866432712432i
1210,-0.01896265422270332i
1215,-0.025320019148874856i
1220,-0.034512884767232486i
1225,-0.05383355194094443i
1230,-0.24537401587181487i
1235,0.024799275196026795i
1240,-0.0076581535358969475i
1245,-0.02107083156858928i
1250,-0.03218277194922308i
1255,-0.04868312364171381i
1260,0.09017459159838337i
1265,-0.035631102944986406i
1270,-0.0538843319097347i
1275,-0.07306414682675885i
1280,-0.10156685775536757i
1285,-0.1567416183298194i
1290,-0.3292747340749907i
1295,3.043699025699437i
1300,0.26116733399220654i
1305,0.13206203941217176i
1310,0.08562068672816575i
1315,0.061341835983779784i
1320,0.046200315755141136i
1325,0.03571097975443882i
1330,0.02791214221096265i
1335,0.02180686587165636i
1340,0.01683104343240113i
1345,0.012634179495061243i
1350,0.008965735312367796i
1355,0.005530128389731877i
1360,-0.004643693689946539i
1365,0.0015976864194111946i
1370,-0.0011635571072933994i
1375,-0.0035080493426765296i
1380,-0.005690344669526566i
1385,-0.007790157708351383i
1390,-0.009862351290160653i
1395,-0.011961537825459476i
1400,-0.0141551433356028i
1405,-0.016540361236430736i
1410,-0.019277062073918275i
1415,-0.02266576426746654i
1420,-0.027370871177556853i
1425,-0.03525579284540619i
1430,-0.05445742084065001i
1435,-0.2733477976356853i
1440,0.03864873784341563i
1445,0.00611124774626446i
1450,-0.004907424627008649i
1455,-0.013011627525275717i
1460,-0.05713356676135378i
1465,-0.004374176567689547i
1470,-0.010987261338783751i
1475,-0.014094148243934325i
1480,-0.01629435606179758i
1485,-0.018087839811099033i
1490,-0.019655284691673425i
1495,-0.02108812619927648i
1500,-0.022457924698303437i
1505,-0.024034161259248097i
1510,-0.027428093822950198i
1515,-0.025665055768133556i
1520,-0.026923506262713368i
1525,-0.028117782778223542i
1530,-0.02931648484503065i
1535,-0.030557290473241065i
1540,-0.03188950918789956i
1545,-0.03340723070173934i
1550,-0.03534893166345343i
1555,-0.038616418613743486i
1560,-0.053049177127515376i
1565,-0.022827065460900627i
1570,-0.031781930184452585i
1575,-0.034739628100185105i
1580,-0.03674567884450664i
1585,-0.03847111430509459i
1590,-0.04012428031728153i
1595,-0.04180969980097716i
1600,-0.0436109577473271i
1605,-0.04563289821053708i
1610,-0.04806764619026889i
1615,-0.05143286023453337i
1620,-0.05851496548757528i
1625,-0.04051082223604385i
1630,-0.03425827825668541i
1635,-0.051207533819270463i
1640,-0.0580862224628254i
1645,-0.06618032945411549i
1650,-0.08212755678330748i
1655,-0.33505462304282074i
1660,-0.038888220813569054i
1665,-0.06462439101212206i
1670,-0.08633526721105138i
1675,-0.12572502584973339i
1680,-0.2891254234874144i
1685,0.314550797662241i
1690,0.06624077991132618i
1695,0.022085328680014407i
1700,0.003113524109820618i
1705,-0.007739763997655228i
1710,-0.014968986988822021i
1715,-0.020288705589319826i
1720,-0.024516648596924293i
1725,-0.028133578506226175i
1730,-0.03154557160875021i
1735,-0.03548121784633744i
1740,-0.044522283101608495i
1745,-0.019260705365799855i
1750,-0.03243444574002539i
1755,-0.03601990460095455i
1760,-0.03840232672895591i
1765,-0.04038619985482249i
1770,-0.04220771240321573i
1775,-0.04398963806911659i
1780,-0.04584725698182921i
1785,-0.0479808716053062i
1790,-0.05101993230179498i
1795,-0.06049343520758241i
1800,-0.03988946765232229i
1805,-0.04920921391966372i
1810,-0.054165497907071335i
1815,-0.06533833814264618i
1820,-0.025091553595966893i
1825,-0.046912289274649466i
1830,-0.055328524037296226i
1835,-0.04997984352374752i
1840,-0.053769688629308345i
1845,-0.0561662699511647i
1850,-0.0583328163853623i
1855,-0.06052320853126416i
1860,-0.06289785920879158i
1865,-0.06564742925134771i
1870,-0.06910219071011753i
1875,-0.07401280005542059i
1880,-0.0827526262289276i
1885,-0.11021751246532059i
1890,0.048391150738778664i
1895,-0.05046925588799708i
1900,-0.07615640866565146i
1905,0.04819933880215726i
1910,-0.04738399392035037i
1915,-0.059497315171308414i
1920,-0.06836554847974022i
1925,-0.083668197725475i
1930,0.07718554257703568i
1935,-0.0548953399359601i
1940,-0.07209596664333623i
1945,-0.042773550559099476i
1950,-0.06483767077234547i
1955,-0.07161174300786996i
1960,-0.07737296688105255i
1965,-0.08418497053440736i
1970,-0.09678102430730298i
1975,-0.048350692859150786i
1980,-0.09033937475134834i
1985,-0.19605589052626687i
1990,-0.052786077522953216i
1995,-0.08034981140174761i
2000,-0.09585300017274294i
2005,-0.11364292606446992i
2010,-0.1443717942900837i
2015,-0.23952399371977479i
2020,0.7109587605434337i
2025,0.03746671790261936i
2030,-0.02056845669807229i
2035,-0.04530137499963771i
2040,-0.06154558834287541i
2045,-0.0755890404683498i
2050,-0.09114951851555735i
2055,-0.15342790719217653i
2060,-0.13823627016617648i
2065,-0.23080205857452163i
2070,3.3525210608913665i
2075,0.08161349104067202i
2080,-0.001035346398314736i
2085,-0.03809007935584722i
2090,-0.07361986611681892i
2095,-0.17054555661843668i
2100,0.19027832294711214i
2105,0.020257541783771055i
2110,-0.01225676545222495i
2115,-0.008051411616081782i
2120,-0.0306176924842831i
2125,-0.03840248092499308i
2130,-0.04421490188542371i
2135,-0.04911090721698379i
2140,-0.053594676908511024i
2145,-0.05812566368405891i
2150,-0.06356392303367554i
2155,-0.07356168582368604i
2160,-0.7149953011563486i
2165,-0.04901650574412698i
2170,-0.05945490439314567i
2175,-0.06518659029130497i
2180,-0.07247826477839482i
2185,-0.05230699979299281i
2190,-0.06753753681377211i
2195,-0.07157913939471353i
2200,-0.07458281807324668i
2205,-0.07730143443705113i
2210,-0.08048905254733499i
2215,-0.08235339447577557i
2220,-0.08534334919106315i
2225,-0.08979907458372192i
2230,-0.077351469943288i
2235,-0.08898981277811091i
2240,-0.09259994413330953i
2245,-0.09573737868091765i
2250,-0.09886567975688666i
2255,-0.10213036742431271i
2260,-0.10562537659607805i
2265,-0.10944556569129066i
2270,-0.11371210964563708i
2275,-0.11860127818114105i
2280,-0.12439576190116572i
2285,-0.13159720377541811i
2290,-0.1412191083755539i
2295,-0.15576283647740402i
2300,-0.18866307329937362i
2305,-0.26079057062940336i
2310,0.48460920708492566i
2315,-0.036760310606506155i
2320,-0.0866860518316778i
2325,-0.11003871815979262i
2330,-0.12684026768685408i
2335,-0.14205358587708256i
2340,-0.15797914648826306i
2345,-0.17649571388810023i
2350,-0.20007016989080514i
2355,-0.2331230518729226i
2360,-0.2856784632102838i
2365,-0.3879869209675275i
2370,-0.6978078384328713i
2375,9.851985681410227i
2380,0.4125661056501121i
2385,0.14679821569488993i
2390,0.04645321669447873i
2395,-0.017318310425517982i
2400,-0.08900175532778386i
2405,-0.6934579996234517i
2410,0.07026209055135997i
2415,-0.008351226687835252i
2420,-0.042210020270034204i
2425,-0.06640031142483417i
2430,-0.08794917861961761i
2435,-0.11007380501799924i
2440,-0.13563042055330182i
2445,-0.16890821762635302i
2450,-0.21924483166384662i
2455,-0.3189735835777956i
2460,-0.613132872786751i
2465,0.9287131096064687i
2470,-0.35571299045825044i
2475,0.5714725982318815i
2480,0.20182435948476474i
2485,0.10435466727059012i
2490,0.052317590502234265i
2495,0.014982460677338412i
2500,-0.019803826632792707i
2505,-0.06720116455060669i
2510,-0.22400322208187845i
2515,0.23711892297167853i
2520,0.045305334859929665i
2525,-0.009004208666732183i
2530,-0.06710103793979075i
2535,-0.6835744488861373i
2540,0.043871950949778055i
2545,0.28665458037769587i
2550,0.02451326632077447i
2555,0.02548923429322256i
2560,0.00663166511962014i
2565,-0.004717867785087131i
2570,-0.013132831620748136i
2575,-0.019931096128205632i
2580,-0.025704584800192106i
2585,-0.03077444017636996i
2590,-0.03533592874555848i
2595,-0.039517653074604205i
2600,-0.04340970251324504i
2605,-0.04707856669247367i
2610,-0.0505757946777503i
2615,-0.05394357401965432i
2620,-0.0572190093067591i
2625,-0.06043872796340034i
2630,-0.06364712612176343i
2635,-0.06692103004437125i
2640,-0.07049515911696524i
2645,-0.07676729601889824i
2650,-0.07233690278974748i
2655,-0.0773028856816438i
2660,-0.08090122825164806i
2665,-0.0843447446178217i
2670,-0.08781460497155455i
2675,-0.09138513362319811i
2680,-0.09511001309554021i
2685,-0.0990429714586733i
2690,-0.10324776454872894i
2695,-0.10780784295787564i
2700,-0.11284072545186208i
2705,-0.1185240500235655i
2710,-0.1251492122551573i
2715,-0.13324796376753373i
2720,-0.1439588509961366i
2725,-0.16081815878226124i
2730,-0.18536885369693787i
2735,-0.3059129306862049i
2740,0.051717168431170066i
2745,-0.09699089708263531i
2750,0.2979453161881039i
2755,-0.11729833485603806i
2760,-0.14149295781115215i
2765,-0.16086319512625807i
2770,-0.18147009750112883i
2775,-0.20754679256053865i
2780,-0.2510024272662741i
2785,-0.21252819872943482i
2790,-0.4137849162360365i
2795,0.6420475497201448i
2800,-0.1137703863021942i
2805,-0.24930483927966002i
2810,-0.44999846905977836i
2815,12.168954202313461i
2820,0.04072885221829099i
2825,-0.205038684448479i
2830,-0.06625609139198187i
2835,-0.4102341252122178i
2840,-0.974924973182428i
2845,12.23825148772637i
2850,0.8724503862967741i
2855,0.44307792719722755i
2860,0.287902627148278i
2865,0.20593461423448173i
2870,0.15424800236600625i
2875,0.11800461992390379i
2880,0.0906159376388559i
2885,0.06857218653605796i
2890,0.049495537686587994i
2895,0.030294738058348324i
2900,-0.016039021926882776i
2905,0.036037212127541095i
2910,0.012678495246435214i
2915,0.0022903347043409473i
2920,-0.011358923647001102i
2925,-0.024183722361380774i
2930,-0.03907611170198636i
2935,-0.06000612637043602i
2940,-0.10517273842359594i
2945,0.05534360849377518i
2950,-0.17667264399062638i
2955,0.6541573110098128i
2960,0.10623467530368923i
2965,0.04484755866290499i
2970,0.017340820277671875i
2975,-0.0016922878510912903i
2980,-0.022792933988979518i
2985,-0.09210065316472707i
2990,0.03326454264108281i
2995,-1.7464830625899642E-4i
3000,-0.011965300341737513i
3005,-0.01948709722990003i
3010,-0.025296981372842395i
3015,-0.03019616109636987i
3020,-0.03453394383516406i
3025,-0.03849568102466994i
3030,-0.04219391405062412i
3035,-0.04570443563025701i
3040,-0.049083090662352745i
3045,-0.05237483936767385i
3050,-0.05561958249279728i
3055,-0.05885699235623922i
3060,-0.06213211374648422i
3065,-0.06550433361966596i
3070,-0.06906575102419055i
3075,-0.07298719494201505i
3080,-0.07766253125678133i
3085,-0.08434224704725625i
3090,-0.10075377454690918i
3095,-0.005326036446254442i
3100,-0.06921441455559284i
3105,-0.0790895626057651i
3110,-0.08518128107406582i
3115,-0.09053077920043115i
3120,-0.0942141461020254i
3125,-0.09962765664085764i
3130,-0.1048943942952989i
3135,-0.11058213326198034i
3140,-0.1169651709341825i
3145,-0.12441100391747748i
3150,-0.13353400956266337i
3155,-0.1455262919115232i
3160,-0.1631467672092278i
3165,-0.19477352933503778i
3170,-0.28464657276181005i
3175,1.951821562553257i
3180,0.006970033510590399i
3185,-0.06851146610366655i
3190,-0.1010203122238137i
3195,-0.1238200020013488i
3200,-0.14624722900838127i
3205,-0.1554066157445911i
3210,-0.18546305359674478i
3215,-0.22096370100454724i
3220,-0.28010253134926394i
3225,-0.4487926702767201i
3230,-0.5121999975818877i
3235,1.2242516080899188i
3240,0.1601278373819453i
3245,0.01488021590433074i
3250,-0.05928534697564572i
3255,-0.14712871539973377i
3260,0.09700999251421301i
3265,-0.07698917581756773i
3270,-0.12369541055810224i
3275,-0.1617547283025099i
3280,-0.20302037845966214i
3285,-0.2523616551035606i
3290,-0.3277831969348636i
3295,-0.4555271146555745i
3300,-0.7489275587621248i
3305,-2.328829221674301i
3310,1.7560040020825642i
3315,0.5776634716639015i
3320,0.3141944866836641i
3325,0.19177348767974084i
3330,0.11442446962358138i
3335,0.05132884717722127i
3340,-0.02437301016397352i
3345,-0.3067207326203164i
3350,0.20342605426813298i
3355,0.029768369264657642i
3360,-0.208225078854723i
3365,0.20575426592668922i
3370,0.06945958009994556i
3375,0.016877311125069957i
3380,-0.02902360337223524i
3385,-0.09351364965033615i
3390,-0.2617923994256346i
3395,3.1941007995219897i
3400,0.26867103096905665i
3405,0.1397784975941836i
3410,0.08907909016938473i
3415,0.05846047141069545i
3420,0.03338343344878744i
3425,-0.007381525179922366i
3430,0.0778650764075102i
3435,0.027131984690025607i
3440,0.009871463356581458i
3445,-0.003445964993623351i
3450,-0.01643608366030272i
3455,-0.03131005611632859i
3460,-0.05183579395628213i
3465,-0.0886101207413644i
3470,-0.2149193521289507i
3475,0.4832470718941245i
3480,0.09406945497794064i
3485,0.03922699882621283i
3490,0.013150094674766095i
3495,-0.007124411180756866i
3500,-0.04207237276267038i
3505,0.044427282750453524i
3510,-0.006448181064428834i
3515,-0.0237959126188204i
3520,-0.04086881013280134i
3525,-0.07015667062324597i
3530,-0.234174447032959i
3535,0.08288317794117882i
3540,0.011750169765651628i
3545,-0.009779698000184316i
3550,-0.02272558202201171i
3555,-0.03344632690968471i
3560,-0.04784144027729563i
3565,-0.04171378828381656i
3570,-0.05621372097851747i
3575,-0.06965481859157065i
3580,-0.08774540074711897i
3585,-0.11838812371646465i
3590,-0.19589898721180088i
3595,-1.764252258836247i
3600,0.11382118940295391i
3605,-0.015445055253291942i
3610,0.29625434890617264i
3615,0.022823879471059245i
3620,-0.013493227712745122i
3625,-0.041414322300804454i
3630,-0.08492198522748176i
3635,-0.362925491663932i
3640,0.1129810647072243i
3645,0.027416405043633196i
3650,3.2308122214371685E-4i
3655,-0.015850759287394052i
3660,-0.02885523133357002i
3665,-0.04185412238908561i
3670,-0.05794379890064i
3675,-0.08411744943863714i
3680,-0.15404293082059184i
3685,3.561261188156239i
3690,0.08455118866174845i
3695,0.01968518796766168i
3700,-0.008780589938025255i
3705,-0.03433727573233696i
3710,-0.09383254049964065i
3715,0.18949651760701464i
3720,0.029465442792394346i
3725,0.005127077447566964i
3730,-0.006368238918937335i
3735,-0.013778944569154926i
3740,-0.019328462854753443i
3745,-0.023874471910370617i
3750,-0.027841433708467544i
3755,-0.031487882649028485i
3760,-0.0350128354074388i
3765,-0.03862201312938646i
3770,-0.04261092200327791i
3775,-0.04756287765656425i
3780,-0.05509171005038723i
3785,-0.07285240830450787i
3790,-1.1824573625734731i
3795,-0.014346905266927345i
3800,-0.035595163000516364i
3805,-0.050988509172776225i
3810,-0.280969839949359i
3815,-0.020727842789219915i
3820,-0.03437243864109789i
3825,-0.03817611968779578i
3830,-0.04249943406300807i
3835,-0.04557503501603529i
3840,-0.04825463366765021i
3845,-0.050818566185646154i
3850,-0.05349393675690768i
3855,-0.05661914272680316i
3860,-0.06102130607055772i
3865,-0.07016330195121852i
3870,-0.1588193404619945i
3875,-0.03137109087749903i
3880,-0.04652364271218798i
3885,-0.05190987814844759i
3890,-0.05528174871275329i
3895,-0.05801370397899688i
3900,-0.060848279885287675i
3905,-0.06234717651626173i
3910,-0.06675315465830567i
3915,-0.08083291239005522i
3920,-0.049852055582711066i
3925,-0.06440856382227751i
3930,-0.0604539275397356i
3935,-0.06450295711381598i
3940,-0.06703360350958566i
3945,-0.06825345939157079i
3950,-0.07044905754665144i
3955,-0.07243625880169142i
3960,-0.07459250230239961i
3965,-0.07721864733144804i
3970,-0.08111236822861745i
3975,-0.09032447251746334i
3980,0.21249816559378942i
3985,-0.06406974397889553i
3990,-0.07229468287639072i
3995,-0.07617617218245405i
4000,-0.07901986048179366i
4005,-0.08156323199208022i
4010,-0.08415276347054933i
4015,-0.08718945502914714i
4020,-0.0919281642729602i
4025,-0.11686262641722736i
4030,-0.07872791152813662i
4035,-0.08745274587951958i
4040,-0.09170755922207033i
4045,-0.0953843127502235i
4050,-0.09923474217991277i
4055,-0.1037387801153265i
4060,-0.10960196411443121i
4065,-0.11848982864407145i
4070,-0.13648241305955644i
4075,-0.2242822526427955i
4080,-0.009752730642761453i
4085,-0.07525721520203434i
4090,-0.09363928593113752i
4095,-0.10585200429844756i
4100,-0.11781216217905692i
4105,-0.1330143446444623i
4110,-0.15786931587577624i
4115,-0.2191536457368535i
4120,-0.2769893893815922i
4125,0.17085537035693507i
4130,-9.150131757988198E-4i
4135,-0.05527724312709662i
4140,-0.050365892247081025i
4145,-0.06704579183850484i
4150,-0.07761955017697582i
4155,-0.08617274327332948i
4160,-0.09399580494281418i
4165,-0.10191620767287071i
4170,-0.11086372398746441i
4175,-0.12232641653187129i
4180,-0.14191568677139307i
4185,-0.21537496570940812i
4190,-0.03509320856445717i
4195,-0.11318993652703233i
4200,-0.2211257575894435i
4205,-0.1236140592772957i
4210,-0.1743207684776374i
4215,-0.2772927022738395i
4220,64.03754848737513i
4225,0.07741915421685058i
4230,-0.023340808352280164i
4235,-0.06427641665162606i
4240,-0.0927643699801128i
4245,-0.12056155740675546i
4250,-0.15664405760871317i
4255,-0.22063421760913016i
4260,-0.4144318131393995i
4265,2.5434080579333336i
4270,0.2099093230823617i
4275,0.07441768415576527i
4280,0.023243140492737065i
4285,-0.005194737427876609i
4290,-0.024584368460059024i
4295,-0.04002109589653305i
4300,-0.05453655349143601i
4305,-0.07297381634243724i
4310,0.07754970552492625i
4315,-0.09057616698556852i
4320,-0.15347891741831068i
4325,-3.2402710052273704i
4330,0.06398791623658968i
4335,7.7993561424257E-5i
4340,-0.023531291840783165i
4345,-0.04076216378241098i
4350,-0.03595122599156009i
4355,-0.04693554658706508i
4360,-0.05361491834769219i
4365,-0.060300568417056194i
4370,-0.08444005924567563i
4375,-0.05546231606459747i
4380,-0.06281323259046602i
4385,-0.06688973948059633i
4390,-0.07018958249559451i
4395,-0.07315675106608509i
4400,-0.07595547668495474i
4405,-0.0786755622766349i
4410,-0.08138184864246747i
4415,-0.08413250942841498i
4420,-0.0869895028910032i
4425,-0.09002828727409916i
4430,-0.09335113536770814i
4435,-0.09711003831766812i
4440,-0.10155213894636439i
4445,-0.10712212427190701i
4450,-0.11473139594397093i
4455,-0.12664016431791283i
4460,-0.15064284156198818i
4465,-0.24761503295362397i
4470,0.08289642368304151i
4475,-0.07318725863774853i
4480,0.10120097875310854i
4485,-0.0676156673628224i
4490,-0.03522647866892649i
4495,-0.0707112674706044i
4500,-0.0815088640624769i
4505,-0.08899326552925226i
4510,-0.09540887015030548i
4515,-0.10160976303895104i
4520,-0.1081992699460923i
4525,-0.11593835930229265i
4530,-0.1265487749417599i
4535,-0.14919797592854184i
4540,-0.07270399862026045i
4545,-0.13661778173553804i
4550,-0.1675999054114194i
4555,-0.22285989357603633i
4560,-0.4867968353609568i
4565,-0.029180386944977148i
4570,0.5925231097708685i
4575,0.05133618168156886i
4580,-0.016687869130800528i
4585,-0.05823909739073789i
4590,-0.17250813188970304i
4595,0.016102443742138414i
4600,-0.03409898174444924i
4605,-0.05222572139856367i
4610,-0.06499419007284563i
4615,-0.07884027761273928i
4620,-0.12439374215494654i
4625,-0.05284826402875754i
4630,-0.07998423464885301i
4635,-0.10344030626090969i
4640,-0.20598612723412607i
4645,0.011168528804611392i
4650,-0.04870015712772153i
4655,-0.08210954948381176i
4660,-0.04444837273737971i
4665,-0.06189515325565758i
4670,-0.06854591121694781i
4675,-0.07293288804220216i
4680,-0.07632914986148796i
4685,-0.07916997505323622i
4690,-0.08166283140524662i
4695,-0.08393208247643326i
4700,-0.08608086348155755i
4705,-0.08829136773992854i
4710,-0.09242923278773359i
4715,-0.08960560677345018i
4720,-0.09213896001690712i
4725,-0.09401392769358584i
4730,-0.09581451689102795i
4735,-0.09816014859378798i
4740,-0.09829586333021349i
4745,-0.10026771699315615i
4750,-0.10208780471117683i
4755,-0.10396280065274568i
4760,-0.10601054050445724i
4765,-0.10839981582782439i
4770,-0.11154189333818802i
4775,-0.11711748573842191i
4780,-0.17585669719977057i
4785,-0.1070683304917099i
4790,-0.11863499903868695i
4795,-0.14230785888687764i
4800,-0.04457939647811904i
4805,-0.09644490325193672i
4810,-0.10658054940199235i
4815,-0.11375100838743728i
4820,-0.12490430031044694i
4825,-0.4584331889707901i
4830,-0.09466907545751925i
4835,-0.10627833552470647i
4840,-0.11158526573059194i
4845,-0.11567960358759823i
4850,-0.12014740406759121i
4855,-0.12921068934846353i
4860,-0.0825453536280057i
4865,-0.1146388065352424i
4870,-0.12014814190589317i
4875,-0.12384095392385089i
4880,-0.1272762129750419i
4885,-0.13110153818931677i
4890,-0.13630353773085702i
4895,-0.14688300546617525i
4900,-0.34605397000138743i
4905,-0.11480126176437569i
4910,-0.12927653561794997i
4915,-0.14272542016769366i
4920,-0.12787038031508213i
4925,-0.137597493639843i
4930,-0.143118379471039i
4935,-0.1484088123244824i
4940,-0.15428182529182605i
4945,-0.16143608694121653i
4950,-0.1710464174895516i
4955,-0.18596859988770476i
4960,-0.21704246718867118i
4965,-0.4175140887448851i
4970,-0.0876074806225643i
4975,-0.17599216254820269i
4980,-0.2892986083079491i
4985,0.723911146032235i
4990,-0.007075686682303638i
4995,-0.07144948625872327i
5000,-0.020573304846376782i
5005,-0.10557593627492991i
5010,-0.11904438241677684i
5015,-0.12986399644710275i
5020,-0.1404194989482382i
5025,-0.1527161774002687i
5030,-0.1715502034413801i
5035,-0.28328368080847227i
5040,-0.21002014398437235i
5045,-4.415131859909705i
5050,-0.04325235434994923i
5055,-0.09865171947015074i
5060,-0.12187709488669524i
5065,-0.13960303018646839i
5070,-0.1665282781589856i
5075,-0.033626420401109997i
5080,-0.13560769957442345i
5085,-0.15579366289898938i
5090,-0.17579676610293252i
5095,-0.21622894178995392i
5100,1.4978267699948171i
5105,-0.11228453196244195i
5110,-0.15208325371227432i
5115,-0.17654196714536352i
5120,-0.20429554000943548i
5125,-0.2587490630256871i
5130,2.242059079840783i
5135,-0.18599179205152466i
5140,-0.35944287286491067i
5145,1.0147526121098103i
5150,0.029626251562313927i
5155,-0.058656613020139275i
5160,-0.09704897296766722i
5165,-0.1234588228873923i
5170,-0.26871497683497964i
5175,-0.14284801455234106i
5180,-0.161902941824875i
5185,-0.1799626023871374i
5190,-0.2018734141146658i
5195,-0.236453989073698i
5200,-0.34312805047402484i
5205,0.02763774955648167i
5210,-0.16700190551245173i
5215,-0.22712932996968044i
5220,-0.30752727296439i
5225,-0.05752768036023767i
5230,-0.30711098273549464i
5235,-0.4571716857055802i
5240,-0.8547487999403227i
5245,11.976283710826296i
5250,0.5060385662282723i
5255,0.12509188696659163i
5260,0.33740442055225833i
5265,0.08518861562550198i
5270,0.017926657741128355i
5275,-0.02787847368068962i
5280,-0.07098891481740412i
5285,-0.1300946569408618i
5290,-0.29966834884031446i
5295,0.5746758688156023i
5300,0.07801474272427386i
5305,0.001774727366131092i
5310,-0.04020666229670423i
5315,-0.08333300418940595i
5320,-0.22362251502150365i
5325,0.0704111018048587i
5330,-0.031028331579802997i
5335,-0.07555521442958411i
5340,-0.16799840754571843i
5345,0.1189824414687177i
5350,-0.04399639510660634i
5355,-0.038917545519176255i
5360,-0.11887255284378903i
5365,-0.025477061061750416i
5370,-0.05080280315560783i
5375,-0.06219682031116324i
5380,-0.07027992867915249i
5385,-0.08379569481845885i
5390,-0.08288338814243058i
5395,-0.08893998022885076i
5400,-0.09031268661595122i
5405,-0.09988149584051556i
5410,-0.11161472408787193i
5415,-0.31999077983022134i
5420,-0.08482240796984078i
5425,-0.09807151163053807i
5430,-0.10539126914888464i
5435,-0.10968183136548251i
5440,-0.11433231399433894i
5445,-0.11880847198326418i
5450,-0.12334687044071858i
5455,-0.12815045117838994i
5460,-0.13353211004129262i
5465,-0.14055277450687753i
5470,-0.11710456493062237i
5475,-0.14890167296844162i
5480,-0.16035927735791983i
5485,-0.17698297801622614i
5490,-0.2135404643292221i
5495,-0.6167034029359649i
5500,-0.06990829582875582i
5505,-0.13622836977067332i
5510,-0.1943414872596726i
5515,0.07333755018880041i
5520,-0.1115327501142881i
5525,-0.14115935311699365i
5530,-0.1606163467005991i
5535,-0.17928213859218736i
5540,-0.20117299650462045i
5545,-0.23125482384339138i
5550,-0.2809449597254708i
5555,-0.3929912865350011i
5560,-1.0523144837889498i
5565,0.3900390506024138i
5570,0.02971469045157503i
5575,-0.08449642842439149i
5580,-0.08035129806519002i
5585,-0.27961446892105224i
5590,0.02226652517613413i
5595,-0.914559983872006i
5600,0.17761563922742252i
5605,0.038606983984855625i
5610,-0.008977155412406122i
5615,-0.03535995458293311i
5620,-0.0531520520409744i
5625,-0.06654693562621031i
5630,-0.0773948714724781i
5635,-0.08666760810527167i
5640,-0.09494555791189074i
5645,-0.10261667924633835i
5650,-0.10997188286599706i
5655,-0.11725928173590257i
5660,-0.12472323170288606i
5665,-0.1326431963764089i
5670,-0.14138796749396482i
5675,-0.15151414950590195i
5680,-0.16398649560120135i
5685,-0.1807991598294262i
5690,-0.20753673002191728i
5695,-0.2820433260583962i
5700,-0.20138048734580513i
5705,-0.4115720351582077i
5710,1.1949059566738411i
5715,0.05516772206240513i
5720,-0.08396356126338733i
5725,-0.03693770533661262i
5730,-0.09206167041844954i
5735,-0.125303338195568i
5740,-0.13055669908388495i
5745,-0.19997703402449854i
5750,-0.3105901285777763i
5755,-1.7142925381106002i
5760,0.18851769289089543i
5765,0.015061914986048402i
5770,0.022366327244763926i
5775,-0.05113644620381326i
5780,-0.07495434022935861i
5785,-0.09311412307525098i
5790,-0.11032722234300497i
5795,-0.1315997690512902i
5800,-0.19006575256079108i
5805,-0.09129962624480321i
5810,-0.15072712582652384i
5815,-0.21435673063201968i
5820,-0.6509423975966884i
5825,0.07041488728237057i
5830,-0.05148425444224266i
5835,-0.06232763632371055i
5840,-0.11856814952638063i
5845,-0.162151822646962i
5850,-0.5689599322996979i
5855,-0.04902092913559008i
5860,-0.10595872348737712i
5865,-0.13504464722826473i
5870,-0.1636336217601592i
5875,-0.2170570959740256i
5880,-0.14702550658906322i
5885,-0.2396282517614287i
5890,-0.3590529176317195i
5895,-0.8547423822899242i
5900,0.8725707284479249i
5905,0.1874410882461098i
5910,0.05611891448622766i
5915,-0.008284862750419472i
5920,-0.060138639660113326i
5925,-0.14433127323668146i
5930,13.252613373485962i
5935,0.08133951545181699i
5940,0.009300125798742941i
5945,-0.021364250369632173i
5950,-0.04799783547597478i
5955,2.899422313337601E-4i
5960,-0.04158111938478976i
5965,-0.05295511271798021i
5970,-0.0613195321101728i
5975,-0.06660761316260379i
5980,-0.07187047184887937i
5985,-0.07649179226382337i
5990,-0.08067516795622427i
5995,-0.08454688778794371i
6000,-0.08820256627740364i
6005,-0.09172699200600751i
6010,-0.09521183130587636i
6015,-0.09878611231906524i
6020,-0.10270442865921142i
6025,-0.1077628389195308i
6030,-0.12043421459607873i
6035,-0.09384659345103849i
6040,-0.1082660859428313i
6045,-0.11496694785183136i
6050,-0.12226425456955994i
6055,-0.13435744891874354i
6060,-0.18331845246472628i
6065,-0.0840882678166285i
6070,-0.05568879967907351i
6075,-0.10453498150843986i
6080,-0.03121200016946356i
6085,-0.10946934184878276i
6090,-0.11716316070002773i
6095,-0.12280939991578332i
6100,-0.12808244242775932i
6105,-0.1336045126758723i
6110,-0.1399118363478959i
6115,-0.1477993023413679i
6120,-0.15897734904039504i
6125,-0.17933466431571404i
6130,-0.47816769495518524i
6135,-0.22863610663686093i
6140,0.7417867571128931i
6145,-0.06044378618275211i
6150,-0.12187274123251156i
6155,-0.19713929388259618i
6160,0.04333567076873031i
6165,0.4463376919459587i
6170,-0.051201392192007235i
6175,-0.0824463480187575i
6180,-0.09832196216784313i
6185,-0.11017361437909971i
6190,-0.12177002918035394i
6195,-0.13757324348428032i
6200,-0.1797611763036319i
6205,0.047171001194911334i
6210,-0.09377671972778544i
6215,-0.12048752541632612i
6220,-0.15046046949897965i
6225,-0.3738346773136333i
6230,-0.0409795602488166i
6235,-0.08549478840696986i
6240,-0.10035126965204423i
6245,-0.10894759912063796i
6250,-0.11522435608910371i
6255,-0.12048354949569044i
6260,-0.12538453067323718i
6265,-0.13082453471037037i
6270,-0.13396150573123777i
6275,-0.14067180745110022i
6280,-0.1492492151544702i
6285,-0.1645529138605698i
6290,-0.2183708388904841i
6295,0.009079809417496117i
6300,-0.10341706010713239i
6305,-0.12497571480109597i
6310,-0.14306953027804595i
6315,-0.13519841376234895i
6320,-0.14877851543235024i
6325,-0.16096093508338713i
6330,-0.17762680636369713i
6335,-0.20754592457037016i
6340,-0.29300578213309897i
6345,5.45730111147794i
6350,0.018220921139411938i
6355,-0.06143102847943999i
6360,-0.09234473147643105i
6365,-0.11532212520182425i
6370,0.14803591650005485i
6375,-0.1289990230417328i
6380,-0.4641816101192649i
6385,-0.09513222228644148i
6390,-0.13405740860849288i
6395,0.043320162633062764i
6400,-0.09173850401036902i
6405,-0.10773296205288987i
6410,-0.11098482256953025i
6415,-0.11781192976725208i
6420,-0.12232145381320354i
6425,-0.1263136010418183i
6430,-0.13044883370650573i
6435,-0.13588706209970577i
6440,-0.14885292148478188i
6445,-0.07820659214062761i
6450,-0.12861305440278428i
6455,-0.10933238536339944i
6460,-0.1278393523590726i
6465,-0.13248905370178995i
6470,-0.13652427003996767i
6475,-0.12975159958565227i
6480,-0.13731360903962017i
6485,-0.1397885065386378i
6490,-0.14186213002710646i
6495,-0.143896901990857i
6500,-0.14618909799371116i
6505,-0.15110690352477577i
6510,-0.14940069476859996i
6515,-0.160502868230495i
6520,-0.14014869888480663i
6525,-0.14855056257730836i
6530,-0.15255089753347345i
6535,-0.15740115794320397i
6540,-0.17215477706825794i
6545,-0.11498514593111617i
6550,-0.14524670132120823i
6555,-0.15057388007301725i
6560,-0.15364061994688222i
6565,-0.15606898865140095i
6570,-0.1583140023458627i
6575,-0.1606279686654869i
6580,-0.16333861118188814i
6585,-0.16756860906527382i
6590,-0.2196421201550692i
6595,-0.16271052533916427i
6600,-0.16918403993259123i
6605,-0.17564009960992072i
6610,-0.187447579811755i
6615,-0.23934393035341994i
6620,-0.08735076317897487i
6625,-0.14057497950578554i
6630,-0.15224006508856922i
6635,-0.15804651999780678i
6640,-0.16194442096929598i
6645,-0.1650318317829198i
6650,-0.1677715170867144i
6655,-0.170597285345434i
6660,-0.17284011201893837i
6665,-0.1762065266713174i
6670,-0.1815270311010291i
6675,-0.2110742468441931i
6680,-0.16446045877995988i
6685,-0.1744336125860851i
6690,-0.1788332753606927i
6695,-0.18235902921965982i
6700,-0.18582738636008667i
6705,-0.18962155111008358i
6710,-0.19411717679357643i
6715,-0.19989917456069198i
6720,-0.20815583480521826i
6725,-0.22196248224473034i
6730,-0.2528899246829642i
6735,-0.4200061670079257i
6740,-0.011756074396658989i
6745,-0.13006760740864365i
6750,-0.36367516128400473i
6755,-0.1471530009034651i
6760,-0.16066342899477098i
6765,-0.1681170998310369i
6770,-0.17495317401599578i
6775,-0.1772596078935948i
6780,-0.1810937527700485i
6785,-0.18467080239750547i
6790,-0.18671379494318066i
6795,-0.19044721123601271i
6800,-0.1936934608033053i
6805,-0.19704470076374106i
6810,-0.2006762510266257i
6815,-0.20481478308574794i
6820,-0.20986751051106198i
6825,-0.21677198180860716i
6830,-0.22882121908080522i
6835,-0.24015695661613343i
6840,0.02674762379642615i
6845,-0.2102209437769502i
6850,-0.004794029287872857i
6855,-0.19125473413047728i
6860,-0.2183073496365682i
6865,-0.2816860128167149i
6870,-0.10986879584859245i
6875,-0.17844789441023678i
6880,-0.19564833132513731i
6885,-0.20613842677226588i
6890,-0.2153338291911875i
6895,-0.22801404892502686i
6900,-0.19935893524880133i
6905,-0.22777470939689312i
6910,-0.2394693314109529i
6915,-0.25219596491335866i
6920,-0.2694218919156374i
6925,-0.29815624475778796i
6930,-0.36986093733121633i
6935,-2.709967493304388i
6940,0.10477973133292791i
6945,-0.20213040792259512i
6950,-0.2555373350703335i
6955,-0.32462167481973353i
6960,-0.5349233809613657i
6965,0.6564169713821347i
6970,-0.043935767628868555i
6975,-0.22215725040721201i
6980,-0.005883120201062016i
6985,-0.10687997872050208i
6990,-0.13854606883419227i
6995,-0.15769013142648602i
7000,-0.17220154342418026i
7005,-0.18501681043728635i
7010,-0.1984329452840776i
7015,-0.21223126869441858i
7020,-0.24276948036205764i
7025,-0.4100268633745798i
7030,-0.09948824396999707i
7035,-0.1711416414119084i
7040,-0.20426240049898126i
7045,0.940226116333506i
7050,-0.33408560030825846i
7055,-0.1843698472775368i
7060,-0.19904023400560006i
7065,-0.2085662820122525i
7070,-0.2166711263714168i
7075,-0.22445492415543788i
7080,-0.23259241193372074i
7085,-0.24184838591993985i
7090,-0.2536495344222732i
7095,-0.27208549637073853i
7100,-0.3196674028419391i
7105,0.16765424491095776i
7110,-0.20685539234850006i
7115,-0.24897882668854404i
7120,-0.21798989895464935i
7125,-0.2685878608246559i
7130,-0.29766105939292636i
7135,-0.3616212058525291i
7140,-0.21237812792893757i
7145,-0.3264191416624579i
7150,-0.44275612545279025i
7155,-0.014207814746393686i
7160,-0.3829201474604581i
7165,-0.7555828244294734i
7170,1.2986048165476425i
7175,0.1132993361774038i
7180,-0.03965723893359232i
7185,-0.10451679953829918i
7190,-0.14319623290567854i
7195,-0.17109182979857915i
7200,-0.1942048957628846i
7205,-0.21583578174819446i
7210,-0.2387639863016062i
7215,-0.26694209118804324i
7220,-0.3096564261379909i
7225,-0.40498332313011753i
7230,-1.3584329008101776i
7235,0.025364497129431812i
7240,-0.13582820629146813i
7245,-0.20794640717651428i
7250,-0.26270649517647404i
7255,-0.33794779705240374i
7260,-0.5366800382422122i
7265,1.8046240648388023i
7270,-0.01226848569957971i
7275,-0.14644945838557108i
7280,-1.0023092503392141i
7285,0.03505346605650827i
7290,-0.08104854047805403i
7295,-0.12886910925521095i
7300,-0.16429500595921742i
7305,-0.20724388590500203i
7310,-0.3587167762631458i
7315,-0.004034747620470152i
7320,-0.12172755093052358i
7325,-0.15459166376157044i
7330,-0.1748271242031301i
7335,-0.19311429004698463i
7340,-0.2249602654195756i
7345,-0.12424723688485603i
7350,-0.18942346154283377i
7355,-0.20588719309549586i
7360,-0.21781887843034553i
7365,-0.2289578888556827i
7370,-0.24089143846720226i
7375,-0.25563912516452336i
7380,-0.2788906879021499i
7385,-0.3495157890093966i
7390,-0.07220590468415461i
7395,-0.2238449030023152i
7400,-0.41915729304377697i
7405,-0.24918421718208109i
7410,-0.2743377420302852i
7415,-0.2968589347483658i
7420,-0.3243286769575346i
7425,-0.3668390383671866i
7430,-0.4746582950729848i
7435,-0.10520578838914396i
7440,-0.6064561374915729i
7445,0.1541670457439339i
7450,-0.9966963718661289i
7455,-0.1356722033684737i
7460,-0.2226886335154546i
7465,-0.2851330876359241i
7470,-0.36977110401754265i
7475,-0.6193412443588032i
7480,0.8508165638828609i
7485,-0.02107663302687494i
7490,-0.14496276797554464i
7495,-0.32673597306355573i
7500,-0.18129213658490972i
7505,-0.22491176543280225i
7510,-0.2558610397711697i
7515,-0.2795490512591489i
7520,-0.31422659738040704i
7525,-0.3552226240103876i
7530,-0.4172510788359496i
7535,-0.5441402935284314i
7540,-1.1444771477848767i
7545,0.4388636361027851i
7550,-0.08684812757500833i
7555,-0.24676010032723328i
7560,-0.42969145288870697i
7565,-2.1388010002834394i
7570,0.1693831864588427i
7575,-0.0677293344678543i
7580,-0.15659017695413582i
7585,-0.2171758690778691i
7590,-0.2756978992618728i
7595,-0.35467389590850373i
7600,-0.5313134232160318i
7605,-5.78786158566126i
7610,0.0873636433177063i
7615,-0.1297277220329546i
7620,-0.23990250426987914i
7625,-0.3785683197993212i
7630,-1.1785675542476495i
7635,0.09302936190599541i
7640,-0.2546347186593647i
7645,0.39204403949929256i
7650,-0.05515234020238408i
7655,-0.13993498629745682i
7660,-0.19183263940958117i
7665,-0.2374474280541206i
7670,-0.2787602237160666i
7675,-0.34204374432719137i
7680,-0.44076403694515026i
7685,-0.6727697647283897i
7690,-2.666727823507698i
7695,0.39340898015116843i
7700,0.15361887066314664i
7705,0.00761703642262466i
7710,-0.06585988718659859i
7715,-0.11673899850908433i
7720,0.08881317406880013i
7725,-0.15858077662779715i
7730,-0.18701090353818872i
7735,-0.21077004877580582i
7740,-0.23329019888223318i
7745,-0.2561027968045614i
7750,-0.2805377840813963i
7755,-0.308253403058447i
7760,-0.34189892643818165i
7765,-0.38673646248227356i
7770,-0.4565204865409678i
7775,-0.6118945648154556i
7780,47.8143470113898i
7785,-0.3998634211714913i
7790,-1.1603448141903847i
7795,0.9404706346329971i
7800,0.09672862500593288i
7805,-0.08827724824701091i
7810,-0.18915734122530567i
7815,-0.26939101398798426i
7820,-0.35328827134579166i
7825,-0.4687603596905212i
7830,-0.717607971558281i
7835,-5.75779812170042i
7840,0.07228057518995204i
7845,-0.2943489910088102i
7850,-0.567360844091111i
7855,-1.1037437984685747i
7860,-9.645466801191327i
7865,0.705728619136547i
7870,0.7631110011291132i
7875,0.09785607394825656i
7880,2.4036121239498485i
7885,0.4016016168152477i
7890,0.22551015309551636i
7895,0.13670816499487037i
7900,0.056831174651122814i
7905,0.05692581203226883i
7910,0.014804069860913115i
7915,-0.01809801946723408i
7920,-0.0494241225518854i
7925,-0.08551265610911159i
7930,-0.1572312907685028i
7935,-0.26258949824734595i
7940,0.13370351898316912i
7945,-0.026173904953150365i
7950,-0.0733629345812281i
7955,-0.10692315315940591i
7960,-0.14247242804290736i
7965,-0.19974690966121786i
7970,-0.44648947681364387i
7975,0.11659493957584464i
7980,0.24127358769918408i
7985,-0.07011979011692825i
7990,-0.1074437002107592i
7995,-0.1365892524212438i
8000,-0.18916009375095233i
8005,-0.1104612741245982i
8010,-0.16011911409910048i
8015,-0.20107979208027313i
8020,-0.1433693459829151i
8025,-0.19315668569675956i
8030,-0.21841334386645675i
8035,-0.24355080215417205i
8040,-0.2730616173692878i
8045,-0.3129537145550361i
8050,-0.392902791480896i
8055,-0.29742049285293093i
8060,-0.45317587880975707i
8065,-0.649270727034349i
8070,-1.3083007168257632i
8075,0.7045106476266096i
8080,1.4370457505983891i
8085,0.4043832950506348i
8090,0.1866838177063828i
8095,0.0801034479805583i
8100,-0.007212166245165146i
8105,0.014141773223378225i
8110,-0.03826000628183877i
8115,-0.07015837275736556i
8120,-0.09703047041120007i
8125,-0.12177948408263668i
8130,-0.14643770370072764i
8135,-0.1730807015685363i
8140,-0.20525266283752655i
8145,-0.2562051836370061i
8150,-0.1560512958719572i
8155,-0.31438887463404125i
8160,-0.45315194928157887i
8165,-0.8744876538333017i
8170,3.4307057193179666i
8175,0.3662467408892574i
8180,0.10768991375463671i
8185,-0.0026214581648730285i
8190,-0.0780952998008534i
8195,-0.15265176484529983i
8200,-0.26452399813824196i
8205,-0.6018826270043371i
8210,1.720046876659311i
8215,0.2742531263029132i
8220,0.1089517065974539i
8225,0.03901539891577601i
8230,-0.0035652223763885773i
8235,-0.03757391391614902i
8240,-0.11837356243648534i
8245,-0.04332027919763056i
8250,-0.07160429559347911i
8255,-0.09086586110103577i
8260,-0.10926266314487279i
8265,-0.1301133314856811i
8270,-0.1589146255382213i
8275,-0.21467590359099545i
8280,-0.5033697133231643i
8285,0.12232238230433265i
8290,-0.05458595909268712i
8295,-0.14077435031610963i
8300,2.1222080172690614i
8305,-0.009926173502777027i
8310,-0.06053891840832937i
8315,-0.0835518735946163i
8320,-0.09924833821288612i
8325,-0.11375495392338567i
8330,-0.12000416826979705i
8335,-0.13644752920478248i
8340,-0.2771765611266574i
8345,-0.12741044699736145i
8350,-0.14827249097977233i
8355,-0.18500858438831944i
8360,-0.13074243940030097i
8365,-0.027407530019207055i
8370,-0.13440689652824805i
8375,-0.15084213519470513i
8380,-0.1620835184065898i
8385,-0.17242735871846515i
8390,-0.183477426104799i
8395,-0.19687871833567688i
8400,-0.2160457584472894i
8405,-0.25306441998134055i
8410,-0.4295701732870961i
8415,-0.013612601495900219i
8420,-0.14151700670977863i
8425,-0.18192424849438996i
8430,-0.21522816243614337i
8435,-0.2641225707268976i
8440,-0.44550588146526826i
8445,-0.5518399268329982i
8450,-0.10255073222480171i
8455,-0.23397799040581643i
8460,0.009526745725033533i
8465,-0.4328834860501061i
8470,-0.14237921212412016i
8475,-0.22412468134838934i
8480,-0.9000290521472277i
8485,-0.014949497757090464i
8490,-0.1082174933065725i
8495,-0.12531144461262833i
8500,-0.14586286064521067i
8505,-0.160319102646653i
8510,-0.17234531401980735i
8515,-0.18332436343132705i
8520,-0.19406249382590673i
8525,-0.2052087520244551i
8530,-0.21747732253744165i
8535,-0.23192942566628844i
8540,-0.2512644322410046i
8545,-0.26916636474790734i
8550,-0.3088922135965937i
8555,-0.38236722487704394i
8560,-0.6222440807397205i
8565,1.5248254822981706i
8570,0.04140124445182257i
8575,0.07289275505456207i
8580,-0.0874419434456772i
8585,-0.13186081202461597i
8590,-0.16272988008950465i
8595,-0.19283543049660756i
8600,-0.23907130894763876i
8605,-0.5325418230672112i
8610,-0.0952275150313203i
8615,-0.21189777161122106i
8620,-0.016399052323805903i
8625,-0.14687726458825132i
8630,-0.17864764856643986i
8635,-0.20484589539374057i
8640,-0.2814138923395139i
8645,-0.16795176617471738i
8650,-0.20777968458716517i
8655,-0.24624169911706792i
8660,-0.21866544271149704i
8665,-0.24322187067652826i
8670,-0.2630802168629578i
8675,-0.28611645420827314i
8680,-0.3176090010091562i
8685,-0.37013415625555063i
8690,-0.4999726507329222i
8695,-3.342524486019854i
8700,-0.005921397360206084i
8705,-0.19053504908132776i
8710,-0.30908620483664173i
8715,-1.1006134894999497i
8720,-0.15020651693172637i
8725,-0.33284608906716273i
8730,-0.7396570195359082i
8735,0.6474585419734392i
8740,0.03376928769422734i
8745,-0.09556963795189305i
8750,-0.18630959686977566i
8755,-0.18607696997294193i
8760,-0.4590089496206201i
8765,0.3702649862807111i
8770,-0.07290733422938775i
8775,0.34975119127931437i
8780,-0.055615397272466796i
8785,-0.10727335736167792i
8790,-0.13989804445132345i
8795,-0.1920242719300975i
8800,-0.14096289176923416i
8805,-0.17251107113925965i
8810,-0.19356033945544363i
8815,-0.2179836555779688i
8820,-0.26886674660324i
8825,0.16803058181053282i
8830,-0.17093630392122677i
8835,-0.20995269827379157i
8840,-0.26804571164790947i
8845,-0.25693593742442533i
8850,-0.2918192403515971i
8855,-0.3487489466042612i
8860,-0.49952819920940644i
8865,33.30292596519383i
8870,0.031739360422193275i
8875,-0.12017620835780805i
8880,-0.18561540939062912i
8885,-0.2375550329778217i
8890,-0.30487414091070253i
8895,-0.4823368301675533i
8900,0.8772564036969915i
8905,-0.05009724766700038i
8910,-0.16196219733888345i
8915,-0.24064272698043246i
8920,-0.4118627447190344i
8925,0.28784580903992235i
8930,-0.10323269149550934i
8935,-0.1913077749399935i
8940,-1.2802794005709661i
8945,0.28386458816610466i
8950,-0.12146452860325052i
8955,-0.18228255995540232i
8960,-0.221999640799017i
8965,-0.2625075125363282i
8970,-0.3200477359263079i
8975,-0.4553734968770012i
8980,0.8963463949327177i
8985,-0.42062513992925943i
8990,0.47476545767074i
8995,-0.10371648673837702i
9000,0.26572994751620016i
9005,-0.04172957548901315i
9010,-0.10088281828564429i
9015,-0.13399492363204418i
9020,-0.15811463885330454i
9025,-0.17863169717980096i
9030,-0.2003305027390943i
9035,-0.1967834522158867i
9040,-0.22623550703824488i
9045,-0.24956546072438324i
9050,-0.2788427583717301i
9055,-0.32353631756465784i
9060,-0.4146389381486094i
9065,-0.7989422987250749i
9070,0.5605131761539963i
9075,0.00989221848182148i
9080,-0.0951285976734268i
9085,-0.14492002305472015i
9090,-0.17915191860847118i
9095,-0.20200762282470278i
9100,-0.2274416077820102i
9105,-0.25473929544746526i
9110,-0.29043466854844i
9115,-0.35326472380792573i
9120,-0.6062902077739221i
9125,0.030478784180138198i
9130,-0.21964874474773882i
9135,-0.3348548316065128i
9140,-0.5540866159023909i
9145,28.788924526000464i
9150,0.11583200531982361i
9155,-4.720885830183409i
9160,-0.0266246185787707i
9165,-0.10649592543319582i
9170,-0.17138747664377207i
9175,-0.03801956136301659i
9180,-0.19507838908178532i
9185,2.241079848338362i
9190,-0.1020365379063621i
9195,-0.15028871797608534i
9200,-0.17714103778670742i
9205,-0.20360312450945015i
9210,-0.2703992588065828i
9215,-0.12329275152107733i
9220,-0.18741409678285337i
9225,-0.21031572810944038i
9230,-0.2289591060524469i
9235,-0.24956165054451218i
9240,-0.2790422117402783i
9245,-0.34269669247692325i
9250,-1.0738994625506941i
9255,-0.10195235705039445i
9260,-0.249883902805887i
9265,-0.07293727369767732i
9270,-0.18231207772145075i
9275,-0.2160536796111797i
9280,-0.24386330734409278i
9285,-0.2842367739164118i
9290,-0.4827772165661782i
9295,-0.2682586396411885i
9300,-0.17304678223690034i
9305,-0.2121237746697929i
9310,-0.2336918171444381i
9315,-0.2586532522696281i
9320,-0.24823717080976515i
9325,-0.26787547768397013i
9330,-0.2995876573603394i
9335,-0.28311410553300165i
9340,-0.3095410100691267i
9345,-0.3500346567043626i
9350,-0.7167962496319454i
9355,-0.2078197945465707i
9360,-0.2717936044892773i
9365,-0.3002540878800218i
9370,-0.31158867895892595i
9375,-0.33440543023249325i
9380,-0.35434127353245i
9385,-0.3763754282879314i
9390,-0.4029519602804862i
9395,-0.439029530981733i
9400,-0.5151550354781469i
9405,-0.44280966715261155i
9410,-0.557082635936964i
9415,-0.6934923739960184i
9420,-0.9956603958357081i
9425,-2.8356772415239444i
9430,0.9382040955119184i
9435,-0.3610462121853593i
9440,0.1268881166680599i
9445,-1.171304187346845i
9450,0.14529623856716753i
9455,-0.024757133093629848i
9460,-0.104088142533866i
9465,-0.16145779791046777i
9470,-0.21613903661589198i
9475,-0.30068816905167733i
9480,-0.006665231678599431i
9485,-0.28645820139351813i
9490,-0.4444699809791577i
9495,-1.285667961289077i
9500,0.3757121046914688i
9505,0.0038197450652605225i
9510,-0.12747991318979815i
9515,-0.06097167936350954i
9520,-0.14147103596152105i
9525,-0.17538244707832015i
9530,-0.20020546549702234i
9535,-0.22136678469618423i
9540,-0.24027298952876378i
9545,-0.2587933084339744i
9550,-0.27770924457122004i
9555,-0.2983719295577453i
9560,-0.33805635554579705i
9565,-0.34221419064913183i
9570,-0.3775159143713703i
9575,-0.42924970063824197i
9580,-0.5437963757871285i
9585,0.7266291857717045i
9590,-0.40865799076098647i
9595,-0.6394382661618286i
9600,-1.3525846687738847i
9605,1.787952582294794i
9610,0.27417174379274883i
9615,0.033661620425764927i
9620,-0.07205167751387337i
9625,-0.1382215134321845i
9630,-0.19774996776608045i
9635,0.038271737801492234i
9640,-0.20709766537853855i
9645,-0.24988614715093754i
9650,-0.292975466271407i
9655,-0.37393798962094543i
9660,1.699477948130805i
9665,-0.19019770116798151i
9670,-0.261238490872481i
9675,-0.3018107434769829i
9680,-0.4032226049737741i
9685,-0.3496202472975243i
9690,-0.38652719305191613i
9695,-0.4276644853567316i
9700,-0.48213974544210564i
9705,-0.5694566717866655i
9710,-0.7795192938179514i
9715,-37.03471610839261i
9720,-0.1668584427636104i
9725,-0.4405604069131603i
9730,-0.6728332876565951i
9735,-1.1822888785419992i
9740,-21.541583338366653i
9745,0.7979616787844722i
9750,0.20804238347954915i
9755,0.005970115494611648i
9760,-0.10983863696017723i
9765,-0.19653700014326586i
9770,-0.27721268001333366i
9775,-0.37224825473695505i
9780,-0.5293002558064936i
9785,-1.0897758969771296i
9790,0.8580586078282865i
9795,-0.0104952081071056i
9800,-0.21378492774314464i
9805,-0.36555623147454797i
9810,-0.5765176584950159i
9815,-1.2069458102256052i
9820,2.6839723848181274i
9825,0.33802319213219056i
9830,0.0234276657193232i
9835,-0.15264084057285035i
9840,-0.38031390419769673i
9845,1.2830642303743052i
9850,0.11662491159145527i
9855,-0.12099349990844188i
9860,-0.2504329138405466i
9865,-0.3925711815477795i
9870,-0.6489594923224186i
9875,-1.8046259869997356i
9880,1.3736308761491187i
9885,0.31626760256764436i
9890,0.06143480716207711i
9895,-0.09446286522431348i
9900,-0.275265635868317i
9905,-2.365575694484395i
9910,-0.6442987535821411i
9915,1.1516496904527507i
9920,0.2877504088933803i
9925,0.11289092262421245i
9930,0.021699168859697634i
9935,-0.04800635652014073i
9940,-0.12922068869845876i
9945,-0.7954227487004892i
9950,-0.16283523469319602i
9955,2.4181420385525745i
9960,0.07965406465509053i
9965,-0.02257640892250948i
9970,-0.07470290973517672i
9975,-0.12058702600235299i
9980,-0.20582396469896658i
9985,0.14350685025864093i
9990,-0.0787080857485199i
9995,-0.12187915900634795i
10000,-0.14956297285210443i
